country_region,province_state,confirmed,deaths,peak_confirmed,peak_deaths,start_date,days,avg_confirmed,avg_deaths,c_thisweek,d_thisweek,after_peak,after_min,after_expeak,c_maxweek,d_maxweek,c_minweek,c_beforemax,death_rate,c_thisweek/avg,d_thisweek/avg,c_thisweek/maxweek,d_thisweek/maxweek,c_thisweek/beforemax
Afghanistan,-,20342,357,915.0,30.0,2020-02-24,73,277.36986301369865,4.835616438356165,727.125,13.5,3,69,16,741.625,13.5,16.0,493.125,0.017549896765313145,2.621499654286843,2.791784702549575,0.9804483397943705,1.0,1.4745247148288974
Albania,-,1246,34,34.0,4.0,2020-03-09,77,15.025974025974026,0.4155844155844156,15.5,0.125,44,20,65,21.625,1.375,9.625,18.375,0.027287319422150885,1.0315471045808124,0.30078125,0.7167630057803468,0.09090909090909091,0.8435374149659864
Algeria,-,10154,707,199.0,30.0,2020-02-25,79,127.39240506329114,8.810126582278482,110.875,7.625,40,77,22,129.625,22.125,46.666666666666664,182.625,0.06962773291313767,0.8703423092209858,0.8654813218390803,0.8553519768563163,0.3446327683615819,0.6071184120465435
Andorra,-,852,51,79.0,4.0,2020-03-02,78,9.794871794871796,0.6538461538461539,11.0,0.0,6,4,73,10.125,1.375,11.125,29.833333333333332,0.05985915492957746,1.1230366492146595,0.0,1.0864197530864197,0.0,0.3687150837988827
Argentina,-,22794,664,983.0,25.0,2020-03-03,80,283.7125,8.2625,822.5,17.0,2,79,11,825.125,13.5,30.5,677.375,0.029130472931473195,2.8990615499845798,2.0574886535552195,0.9968186638388123,1.2592592592592593,1.2142461708802361
Armenia,-,13130,200,766.0,19.0,2020-03-01,81,161.06172839506172,2.4691358024691357,525.375,9.125,1,63,10,525.375,8.875,51.125,383.75,0.015232292460015232,3.2619481066993714,3.695625,1.0,1.028169014084507,1.3690553745928338
Australia,Australian Capital Territory,108,3,3.0,1.0,2020-03-13,60,0.16666666666666666,0.016666666666666666,0.125,0.0,59,2,49,2.0,0.14285714285714285,0.125,0.25,0.027777777777777776,0.75,0.0,0.0625,0.0,0.5
Australia,New South Wales,3112,48,241.0,5.0,2020-01-26,86,35.18604651162791,0.5348837209302325,2.25,0.0,70,12,79,170.375,1.625,1.5,43.0,0.015424164524421594,0.06394580304031725,0.0,0.013206162876008804,0.0,0.05232558139534884
Australia,Queensland,1062,6,78.0,2.0,2020-01-29,81,12.037037037037036,0.08641975308641975,0.5,0.0,76,1,67,50.5,0.5,0.5,49.0,0.005649717514124294,0.04153846153846154,0.0,0.009900990099009901,0.0,0.01020408163265306
Australia,South Australia,440,4,65.0,1.0,2020-02-01,78,4.782051282051282,0.05128205128205128,0.0,0.0,74,13,65,33.6,0.5,0.125,18.75,0.00909090909090909,0.0,0.0,0.0,0.0,0.0
Australia,Tasmania,228,13,21.0,1.0,2020-03-02,60,2.1666666666666665,0.16666666666666666,0.0,0.0,55,24,43,11.166666666666666,0.75,0.125,3.0,0.05701754385964912,0.0,0.0,0.0,0.0,0.0
Australia,Victoria,1687,19,126.0,3.0,2020-01-26,82,19.426829268292682,0.23170731707317074,4.75,0.0,78,31,69,52.2,0.375,13.0,70.25,0.011262596324836989,0.24450721908349027,0.0,0.09099616858237547,0.0,0.06761565836298933
Australia,Western Australia,599,9,56.0,2.0,2020-02-29,78,6.538461538461538,0.10256410256410256,1.625,0.0,74,6,65,28.2,0.5,3.5,25.625,0.015025041736227046,0.2485294117647059,0.0,0.057624113475177305,0.0,0.06341463414634146
Austria,-,16902,672,1321.0,30.0,2020-02-25,92,182.8586956521739,7.304347826086956,27.125,0.5,74,7,62,657.875,18.125,28.75,377.625,0.0397586084487043,0.14833858408131725,0.06845238095238096,0.04123123693710811,0.027586206896551724,0.07183051969546508
Azerbaijan,-,7553,88,379.0,5.0,2020-03-01,74,100.8108108108108,1.162162162162162,288.375,3.375,2,72,11,281.25,3.0,29.666666666666668,141.0,0.011650999602806831,2.8605563002680965,2.9040697674418605,1.0253333333333334,1.125,2.0452127659574466
Bahamas,-,103,11,3.0,0.0,2020-03-16,16,0.375,0.0,0.125,0.0,16,2,2,3.0,0.0,0.125,0.125,0.10679611650485436,0.3333333333333333,0.0,0.041666666666666664,0.0,1.0
Bahrain,-,14763,26,605.0,2.0,2020-02-24,90,162.9777777777778,0.28888888888888886,496.25,1.125,8,68,24,324.5,1.125,22.125,298.0,0.001761159655896498,3.0448936460321785,3.8942307692307696,1.529275808936826,1.0,1.6652684563758389
Bangladesh,-,65769,888,2911.0,42.0,2020-03-08,63,1042.5555555555557,13.952380952380953,2645.125,34.75,6,63,16,2107.5,34.75,35.0,1501.625,0.013501801760707931,2.537154961099861,2.49061433447099,1.2551008303677342,1.0,1.7615083659369017
Belarus,-,48630,269,1485.0,7.0,2020-02-28,70,693.3714285714286,3.842857142857143,871.5,5.0,49,68,40,460.75,4.875,23.0,807.25,0.005531564877647542,1.2569020932915773,1.3011152416356877,1.8914812805208898,1.0256410256410255,1.0795912047073397
Belgium,-,59226,9595,2454.0,496.0,2020-02-04,94,629.531914893617,102.07446808510639,130.0,17.75,54,90,72,1422.375,251.0,43.4,859.625,0.162006551176848,0.20650263620386644,0.17389265242313703,0.09139643202390368,0.07071713147410359,0.15122873345935728
Benin,-,261,3,102.0,1.0,2020-03-16,32,11.6875,0.03125,4.625,0.0,31,6,15,73.0,0.125,6.625,7.625,0.011494252873563218,0.39572192513368987,0.0,0.06335616438356165,0.0,0.6065573770491803
Bolivia,-,13643,465,861.0,33.0,2020-03-11,69,196.31884057971016,6.681159420289855,506.375,19.375,9,59,19,501.625,14.375,18.125,244.375,0.03408341273913362,2.579349992617747,2.899945770065076,1.0094692250186892,1.3478260869565217,2.0721227621483376
Bosnia and Herzegovina,-,2606,159,92.0,8.0,2020-03-05,78,32.217948717948715,2.0256410256410255,14.0,0.75,40,14,62,41.875,3.625,14.5,49.5,0.06101304681504221,0.4345403899721449,0.37025316455696206,0.33432835820895523,0.20689655172413793,0.2828282828282828
Brazil,-,691758,36455,33274.0,1473.0,2020-02-26,87,7950.64367816092,419.02298850574715,24164.75,952.625,9,85,19,20943.75,1052.875,36.666666666666664,14170.625,0.05269906528005459,3.039345111940622,2.2734432862433134,1.1537928976424947,0.9047845185800784,1.7052705861597495
Brunei,-,141,2,13.0,1.0,2020-03-09,76,0.6578947368421053,0.02631578947368421,0.0,0.0,76,33,67,13.0,0.125,0.125,3.0,0.014184397163120567,0.0,0.0,0.0,0.0,0.0
Bulgaria,-,2727,160,137.0,12.0,2020-03-08,80,32.9125,1.9625,28.5,2.625,45,7,2,54.25,3.125,11.5,28.25,0.058672533920058674,0.8659323965058868,1.337579617834395,0.5253456221198156,0.84,1.008849557522124
Burkina Faso,-,889,53,41.0,4.0,2020-03-10,76,10.394736842105264,0.6447368421052632,5.25,0.0,33,1,58,11.375,1.125,5.25,22.75,0.05961754780652419,0.5050632911392405,0.0,0.46153846153846156,0.0,0.23076923076923078
Burma,-,242,6,17.0,1.0,2020-03-27,50,2.88,0.02,2.25,0.0,9,5,46,3.125,0.125,3.375,8.2,0.024793388429752067,0.78125,0.0,0.72,0.0,0.27439024390243905
Cabo Verde,-,554,5,34.0,1.0,2020-03-20,43,10.790697674418604,0.09302325581395349,16.625,0.125,3,38,37,18.25,0.25,5.333333333333333,8.857142857142858,0.009025270758122744,1.540678879310345,1.34375,0.910958904109589,0.5,1.877016129032258
Cambodia,-,126,0,4.0,0.0,2020-01-27,71,0.38028169014084506,0.0,0.125,0.0,66,1,57,2.5,0.0,0.125,1.0,0.0,0.3287037037037037,0.0,0.05,0.0,0.125
Cameroon,-,7908,212,603.0,44.0,2020-03-06,71,110.09859154929578,2.9577464788732395,250.5,2.625,3,32,18,244.5,6.25,54.375,186.0,0.02680829539706626,2.275233465523858,0.8875,1.0245398773006136,0.42,1.346774193548387
Canada,Alberta,7138,146,401.0,9.0,2020-03-06,81,86.93827160493827,1.8024691358024691,18.25,0.375,52,3,40,121.75,3.875,17.875,258.75,0.020453908657887362,0.20991905708605513,0.20804794520547945,0.14989733059548255,0.0967741935483871,0.07053140096618357
Canada,British Columbia,2632,167,159.0,11.0,2020-01-28,84,30.464285714285715,1.9761904761904763,7.375,0.375,72,20,44,76.625,3.875,11.625,46.625,0.06344984802431611,0.24208675263774912,0.1897590361445783,0.09624796084828711,0.0967741935483871,0.1581769436997319
Canada,Manitoba,300,7,40.0,1.0,2020-03-13,69,3.028985507246377,0.08695652173913043,0.75,0.0,67,5,58,23.666666666666668,0.125,0.75,7.625,0.023333333333333334,0.24760765550239233,0.0,0.03169014084507042,0.0,0.09836065573770492
Canada,New Brunswick,137,1,5.0,1.0,2020-03-11,63,0.6190476190476191,0.015873015873015872,1.0,0.125,63,1,11,5.0,0.125,1.0,0.75,0.0072992700729927005,1.6153846153846154,7.875,0.2,1.0,1.3333333333333333
Canada,Newfoundland and Labrador,261,3,23.0,1.0,2020-03-15,73,2.4794520547945207,0.0410958904109589,0.0,0.0,68,11,59,15.5,0.25,0.125,7.0,0.011494252873563218,0.0,0.0,0.0,0.0,0.0
Canada,Nova Scotia,1059,61,65.0,6.0,2020-03-16,72,13.458333333333334,0.8472222222222222,0.375,0.125,59,1,46,26.75,1.875,0.375,34.75,0.05760151085930123,0.02786377708978328,0.14754098360655737,0.014018691588785047,0.06666666666666667,0.01079136690647482
Canada,Ontario,32096,2502,1393.0,120.0,2020-01-26,85,376.7529411764706,29.435294117647057,384.125,21.25,53,83,64,570.5,60.75,35.333333333333336,401.25,0.07795363908275174,1.0195673557332001,0.7219224620303757,0.6733128834355828,0.3497942386831276,0.9573208722741433
Canada,Quebec,52849,4978,2209.0,202.0,2020-02-28,81,651.2962962962963,61.46913580246913,274.75,67.375,36,80,64,1075.75,87.5,22.5,680.75,0.09419288917481883,0.42185100938299686,1.0960785298252662,0.2554032070648385,0.77,0.40359897172236503
Canada,Saskatchewan,650,11,39.0,2.0,2020-03-13,72,7.708333333333333,0.1527777777777778,0.625,0.125,72,2,35,39.0,0.375,1.125,14.25,0.016923076923076923,0.08108108108108109,0.8181818181818181,0.016025641025641024,0.3333333333333333,0.043859649122807015
Central African Republic,-,1634,5,163.0,2.0,2020-03-15,31,49.67741935483871,0.16129032258064516,84.0,0.5,3,18,24,87.0,0.375,36.625,25.875,0.0030599755201958386,1.690909090909091,3.1,0.9655172413793104,1.3333333333333333,3.246376811594203
Chad,-,837,69,83.0,10.0,2020-03-19,37,20.64864864864865,1.7297297297297298,9.75,0.5,32,1,23,30.0,3.6666666666666665,9.75,26.75,0.08243727598566308,0.4721858638743455,0.2890625,0.325,0.13636363636363638,0.3644859813084112
Chile,-,134150,1637,6405.0,96.0,2020-03-03,84,1596.142857142857,19.488095238095237,4911.5,80.0,1,82,14,4911.5,80.0,54.666666666666664,3777.0,0.012202758106597093,3.077105522241117,4.105070250458155,1.0,1.0,1.3003706645485835
China,Anhui,991,6,74.0,2.0,2020-01-22,132,6.9772727272727275,0.045454545454545456,0.0,0.0,122,60,131,58.125,0.375,0.125,41.0,0.006054490413723511,0.0,0.0,0.0,0.0,0.0
China,Beijing,594,9,29.0,2.0,2020-01-22,131,3.8396946564885495,0.061068702290076333,0.125,0.0,128,5,76,19.25,0.375,0.125,13.25,0.015151515151515152,0.032554671968190854,0.0,0.006493506493506494,0.0,0.009433962264150943
China,Chongqing,579,6,53.0,1.0,2020-01-22,133,3.789473684210526,0.045112781954887216,0.0,0.0,127,71,118,32.142857142857146,0.375,0.375,21.0,0.010362694300518135,0.0,0.0,0.0,0.0,0.0
China,Fujian,359,1,24.0,1.0,2020-01-22,130,2.1153846153846154,0.007692307692307693,0.125,0.0,128,2,119,20.0,0.125,0.125,12.75,0.002785515320334262,0.05909090909090909,0.0,0.00625,0.0,0.00980392156862745
China,Gansu,139,2,17.0,0.0,2020-01-23,95,0.5052631578947369,0.0,0.0,0.0,94,63,85,14.0,0.0,0.125,1.625,0.014388489208633094,0.0,0.0,0.0,0.0,0.0
China,Guangdong,1602,8,99.0,2.0,2020-01-22,134,11.373134328358208,0.05970149253731343,1.125,0.0,128,2,117,65.28571428571429,0.375,1.125,50.75,0.004993757802746567,0.09891732283464567,0.0,0.01723194748358862,0.0,0.022167487684729065
China,Guangxi,254,2,18.0,1.0,2020-01-22,128,1.3046875,0.015625,0.0,0.0,123,80,114,13.5,0.25,0.25,7.875,0.007874015748031496,0.0,0.0,0.0,0.0,0.0
China,Guizhou,147,2,18.0,1.0,2020-01-22,119,0.4117647058823529,0.008403361344537815,0.0,0.0,118,50,83,14.0,0.125,0.125,0.125,0.013605442176870748,0.0,0.0,0.0,0.0,0.0
China,Hainan,170,6,13.0,1.0,2020-01-22,123,0.5772357723577236,0.04065040650406504,0.125,0.0,117,2,24,8.285714285714286,0.125,0.125,0.125,0.03529411764705882,0.21654929577464788,0.0,0.015086206896551723,0.0,1.0
China,Hebei,328,6,23.0,1.0,2020-01-22,127,1.8267716535433072,0.03937007874015748,0.0,0.0,121,53,111,14.142857142857142,0.375,0.125,11.0,0.018292682926829267,0.0,0.0,0.0,0.0,0.0
China,Heilongjiang,947,13,79.0,2.0,2020-01-23,126,6.761904761904762,0.0873015873015873,0.25,0.0,55,29,122,36.875,1.0,0.125,36.4,0.013727560718057022,0.03697183098591549,0.0,0.006779661016949152,0.0,0.006868131868131868
China,Henan,1276,22,109.0,3.0,2020-01-22,133,8.969924812030076,0.15789473684210525,0.0,0.0,125,71,116,68.375,1.625,0.375,50.625,0.017241379310344827,0.0,0.0,0.0,0.0,0.0
China,Hong Kong,1106,4,80.0,1.0,2020-01-23,98,10.306122448979592,0.02040816326530612,3.0,0.0,71,1,80,46.0,0.25,3.0,15.875,0.003616636528028933,0.2910891089108911,0.0,0.06521739130434782,0.0,0.1889763779527559
China,Hubei,68135,4512,14840.0,1290.0,2020-01-22,138,490.5144927536232,32.572463768115945,0.0,0.0,116,21,127,3567.625,162.125,0.125,1302.0,0.06622147207749321,0.0,0.0,0.0,0.0,0.0
China,Hunan,1019,4,78.0,1.0,2020-01-22,133,7.142857142857143,0.03007518796992481,0.0,0.0,131,67,122,50.666666666666664,0.375,0.125,61.875,0.003925417075564278,0.0,0.0,0.0,0.0,0.0
China,Inner Mongolia,235,1,34.0,0.0,2020-01-24,69,2.0,0.0,0.375,0.0,57,17,69,9.0,0.0,1.0,10.0,0.00425531914893617,0.1875,0.0,0.041666666666666664,0.0,0.0375
China,Jiangsu,653,0,39.0,0.0,2020-01-22,130,4.2615384615384615,0.0,0.0,0.0,129,57,120,34.5,0.0,0.25,33.25,0.0,0.0,0.0,0.0,0.0,0.0
China,Jiangxi,932,1,85.0,1.0,2020-01-22,132,6.553030303030303,0.007575757575757576,0.0,0.0,125,71,116,50.5,0.125,0.25,40.5,0.001072961373390558,0.0,0.0,0.0,0.0,0.0
China,Jilin,155,2,11.0,1.0,2020-01-23,56,1.0,0.017857142857142856,0.0,0.0,30,16,21,1.5,0.125,1.875,3.0,0.012903225806451613,0.0,0.0,0.0,0.0,0.0
China,Liaoning,149,2,6.0,1.0,2020-01-22,121,0.4132231404958678,0.01652892561983471,0.0,0.0,121,29,72,6.0,0.125,0.125,0.75,0.013422818791946308,0.0,0.0,0.0,0.0,0.0
China,Shaanxi,311,3,23.0,1.0,2020-01-23,128,1.75,0.0234375,0.375,0.0,124,7,48,15.6,0.25,0.125,2.625,0.00964630225080386,0.21428571428571427,0.0,0.02403846153846154,0.0,0.14285714285714285
China,Shandong,792,7,203.0,1.0,2020-01-22,131,5.320610687022901,0.05343511450381679,0.0,0.0,108,36,123,30.0,0.125,0.125,27.125,0.008838383838383838,0.0,0.0,0.0,0.0,0.0
China,Shanghai,678,7,52.0,1.0,2020-01-22,130,4.476923076923077,0.046153846153846156,0.75,0.0,57,1,128,9.75,0.25,0.75,24.333333333333332,0.01032448377581121,0.16752577319587628,0.0,0.07692307692307693,0.0,0.03082191780821918
China,Shanxi,198,0,25.0,0.0,2020-01-22,122,0.8360655737704918,0.0,0.0,0.0,61,36,121,3.375,0.0,0.125,9.5,0.0,0.0,0.0,0.0,0.0,0.0
China,Sichuan,581,3,35.0,2.0,2020-01-22,131,3.7480916030534353,0.022900763358778626,2.125,0.0,129,4,120,29.0,0.25,1.75,22.375,0.0051635111876075735,0.5669551934826884,0.0,0.07327586206896551,0.0,0.09497206703910614
China,Tianjin,193,3,11.0,1.0,2020-01-22,118,0.8305084745762712,0.01694915254237288,0.125,0.0,118,2,70,11.0,0.6666666666666666,0.125,4.625,0.015544041450777202,0.15051020408163265,0.0,0.011363636363636364,0.0,0.02702702702702703
China,Yunnan,185,2,12.0,1.0,2020-01-22,127,0.7244094488188977,0.015748031496062992,0.0,0.0,126,45,115,12.0,0.25,0.125,3.625,0.010810810810810811,0.0,0.0,0.0,0.0,0.0
China,Zhejiang,1268,1,132.0,1.0,2020-01-22,134,9.0,0.007462686567164179,0.0,0.0,130,54,121,73.2,0.125,0.375,63.75,0.0007886435331230284,0.0,0.0,0.0,0.0,0.0
Colombia,-,38149,1265,3293.0,105.0,2020-03-06,81,469.82716049382714,15.617283950617283,1426.875,46.75,3,81,12,1577.25,46.375,9.0,896.125,0.03315945372093633,3.037021100483498,2.9934782608695656,0.9046600095102235,1.0080862533692723,1.5922722834426002
Congo (Brazzaville),-,683,22,84.0,4.0,2020-03-15,54,11.537037037037036,0.3148148148148148,14.0,0.375,12,48,28,18.875,0.625,15.0,13.0,0.032210834553440704,1.2134831460674158,1.1911764705882353,0.7417218543046358,0.6,1.0769230769230769
Congo (Kinshasa),-,4016,85,173.0,11.0,2020-03-11,68,57.61764705882353,1.1323529411764706,131.25,2.0,10,56,23,124.75,2.75,10.125,64.75,0.021165338645418325,2.277947932618683,1.7662337662337664,1.0521042084168337,0.7272727272727273,2.027027027027027
Costa Rica,-,1318,10,55.0,1.0,2020-03-06,79,15.556962025316455,0.11392405063291139,33.875,0.0,1,45,60,33.875,0.5,5.625,20.5,0.007587253414264037,2.177481692432872,0.0,1.0,0.0,1.6524390243902438
Cote d'Ivoire,-,3739,36,182.0,4.0,2020-03-11,73,49.9041095890411,0.4931506849315068,117.5,0.375,1,70,27,117.5,0.875,18.0,53.125,0.009628242845680663,2.3545155091957177,0.7604166666666667,1.0,0.42857142857142855,2.211764705882353
Croatia,-,2247,104,96.0,8.0,2020-02-25,81,26.74074074074074,1.2839506172839505,0.125,0.125,68,4,59,72.625,3.25,0.375,60.5,0.046283934134401426,0.004674515235457064,0.09735576923076923,0.0017211703958691911,0.038461538461538464,0.002066115702479339
Cuba,-,2191,83,74.0,6.0,2020-03-12,72,29.319444444444443,1.125,20.75,0.0,37,14,51,40.75,2.75,9.375,52.75,0.03788224554997718,0.7077214590241592,0.0,0.50920245398773,0.0,0.3933649289099526
Cyprus,-,964,18,58.0,2.0,2020-03-09,77,11.285714285714286,0.24675324675324675,2.5,0.125,68,10,55,24.5,0.75,2.375,28.75,0.01867219917012448,0.22151898734177214,0.506578947368421,0.10204081632653061,0.16666666666666666,0.08695652173913043
Czechia,-,9628,327,381.0,18.0,2020-03-01,87,109.58620689655173,3.7701149425287355,49.75,1.0,65,30,74,274.125,10.375,44.75,182.625,0.033963439966763605,0.453980490874764,0.2652439024390244,0.18148654810761514,0.0963855421686747,0.2724161533196441
Denmark,-,11948,589,390.0,22.0,2020-02-27,90,131.75555555555556,6.611111111111111,39.375,2.25,62,1,44,311.75,13.625,39.375,171.5,0.049296953465015066,0.29884887839433294,0.3403361344537815,0.12630312750601444,0.1651376146788991,0.22959183673469388
Denmark,Faroe Islands,187,0,23.0,0.0,2020-03-04,78,1.2179487179487178,0.0,0.0,0.0,78,50,68,23.0,0.0,0.125,6.375,0.0,0.0,0.0,0.0,0.0,0.0
Djibouti,-,4207,28,280.0,4.0,2020-03-18,61,67.49180327868852,0.45901639344262296,126.625,0.75,9,31,18,115.5,1.375,5.75,97.375,0.0066555740432612314,1.8761537527325722,1.6339285714285714,1.0963203463203464,0.5454545454545454,1.300385109114249
Dominican Republic,-,19600,538,506.0,38.0,2020-03-01,79,247.18987341772151,6.784810126582278,336.5,5.0,30,79,20,324.25,13.125,40.0,323.625,0.027448979591836734,1.361301720606309,0.7369402985074627,1.0377794911333846,0.38095238095238093,1.0397837002703747
Ecuador,-,43120,3621,11536.0,410.0,2020-03-01,82,563.109756097561,44.13414634146341,568.625,35.875,45,25,35,1811.75,94.5,216.75,1145.25,0.08397495361781077,1.009794260963725,0.812862669245648,0.31385400855526424,0.37962962962962965,0.4965073128137961
Egypt,-,34079,1237,1536.0,47.0,2020-02-14,86,395.33720930232556,14.36046511627907,1328.75,40.5,8,85,17,1059.0,33.625,15.0,619.625,0.03629801343936148,3.361054736904027,2.820242914979757,1.254721435316336,1.204460966542751,2.14444220294533
El Salvador,-,3015,53,122.0,4.0,2020-03-19,60,48.7,0.8,77.5,0.875,8,58,29,87.25,1.625,8.333333333333334,55.375,0.017578772802653398,1.5913757700205338,1.09375,0.8882521489971347,0.5384615384615384,1.399548532731377
Equatorial Guinea,-,1306,12,263.0,3.0,2020-03-15,45,27.155555555555555,0.24444444444444444,0.0,0.0,10,24,45,50.375,0.5,19.375,130.0,0.009188361408882083,0.0,0.0,0.0,0.0,0.0
Estonia,-,1939,69,134.0,6.0,2020-02-27,86,21.627906976744185,0.8023255813953488,9.25,0.25,74,7,65,35.0,1.25,5.875,58.0,0.03558535327488396,0.42768817204301074,0.3115942028985507,0.2642857142857143,0.2,0.15948275862068967
Eswatini,-,333,3,30.0,1.0,2020-03-14,39,6.205128205128205,0.05128205128205128,6.25,0.125,32,5,2,7.75,0.125,4.25,5.375,0.009009009009009009,1.0072314049586777,2.4375,0.8064516129032258,1.0,1.1627906976744187
Ethiopia,-,2020,27,169.0,7.0,2020-03-13,51,37.72549019607843,0.47058823529411764,119.625,2.375,3,39,15,121.75,2.375,1.875,34.5,0.013366336633663366,3.170932952182952,5.046875,0.9825462012320328,1.0,3.467391304347826
Finland,-,6981,323,267.0,43.0,2020-01-29,87,79.5632183908046,3.7471264367816093,19.375,1.125,65,6,51,105.125,10.25,36.0,114.0,0.04626844291648761,0.24351704709621497,0.30023006134969327,0.18430439952437574,0.10975609756097561,0.1699561403508772
France,-,187360,29100,26843.0,1436.0,2020-01-24,100,1965.82,293.17,695.75,47.5,57,97,69,6503.5,852.5,36.75,4034.0,0.15531596925704527,0.35392355352982474,0.16202203499675955,0.10698085646190512,0.05571847507331378,0.17247149231531977
France,French Guiana,689,1,50.0,0.0,2020-03-07,46,12.869565217391305,0.0,26.5,0.0,1,39,15,26.5,0.0,3.625,16.375,0.001451378809869376,2.0591216216216215,0.0,1.0,0.0,1.618320610687023
France,Guadeloupe,164,14,29.0,4.0,2020-03-13,72,1.2638888888888888,0.18055555555555555,0.25,0.0,72,10,15,29.0,0.5,0.875,0.75,0.08536585365853659,0.19780219780219782,0.0,0.008620689655172414,0.0,0.3333333333333333
France,Martinique,202,14,35.0,4.0,2020-03-07,69,1.5797101449275361,0.18840579710144928,0.25,0.0,69,28,45,35.0,0.75,1.0,1.5,0.06930693069306931,0.15825688073394498,0.0,0.007142857142857143,0.0,0.16666666666666666
France,Mayotte,2079,25,235.0,3.0,2020-03-15,67,29.62686567164179,0.3582089552238806,47.5,0.5,7,58,30,43.375,0.5,8.5,56.125,0.012025012025012025,1.6032745591939546,1.3958333333333335,1.095100864553314,1.0,0.8463251670378619
France,Reunion,480,1,41.0,1.0,2020-03-11,75,5.16,0.013333333333333334,1.125,0.0,70,3,59,21.666666666666668,0.125,1.875,9.25,0.0020833333333333333,0.2180232558139535,0.0,0.05192307692307692,0.0,0.12162162162162163
Gabon,-,3101,21,206.0,3.0,2020-03-14,52,58.09615384615385,0.38461538461538464,55.75,0.5,16,46,6,90.625,0.75,12.428571428571429,83.5,0.006772009029345372,0.9596160211850381,1.2999999999999998,0.6151724137931035,0.6666666666666666,0.6676646706586826
Georgia,-,809,13,42.0,1.0,2020-02-26,70,10.257142857142858,0.18571428571428572,6.5,0.125,53,1,43,17.125,0.125,6.5,12.25,0.016069221260815822,0.6337047353760445,0.673076923076923,0.3795620437956204,1.0,0.5306122448979592
Germany,-,185750,8685,6933.0,510.0,2020-01-27,99,1875.4646464646464,88.04040404040404,320.125,19.375,73,98,61,4443.875,227.375,40.0,5186.0,0.046756393001345896,0.17069103414103443,0.2200694125745755,0.07203735478608196,0.08521165475536009,0.061728692634014655
Ghana,-,9638,44,921.0,5.0,2020-03-14,74,128.98648648648648,0.5405405405405406,233.75,1.125,31,66,20,242.25,0.875,9.125,174.5,0.004565262502593899,1.8122053431115768,2.08125,0.9649122807017544,1.2857142857142858,1.339541547277937
Greece,-,2997,180,156.0,10.0,2020-02-26,87,33.310344827586206,2.057471264367816,10.25,0.625,48,7,67,32.0,4.625,5.0,90.375,0.06006006006006006,0.307712215320911,0.30377094972067037,0.3203125,0.13513513513513514,0.11341632088520055
Guatemala,-,7055,252,394.0,58.0,2020-03-14,59,117.96610169491525,4.220338983050848,289.5,18.75,4,56,15,251.125,17.0,15.25,207.625,0.03571934798015592,2.454094827586207,4.442771084337349,1.1528123444499752,1.1029411764705883,1.3943407585791692
Guinea,-,4117,23,278.0,3.0,2020-03-13,65,62.215384615384615,0.35384615384615387,51.375,0.0,11,63,23,86.25,0.5,18.333333333333332,81.125,0.00558659217877095,0.8257603857566765,0.0,0.5956521739130435,0.0,0.6332819722650231
Guinea-Bissau,-,1368,12,156.0,4.0,2020-03-25,40,32.375,0.275,14.0,0.5,35,17,7,56.666666666666664,0.5,25.125,28.125,0.008771929824561403,0.43243243243243246,1.8181818181818181,0.24705882352941178,1.0,0.49777777777777776
Guyana,-,154,12,11.0,1.0,2020-03-12,29,2.0689655172413794,0.06896551724137931,0.25,0.0,11,2,29,3.125,0.25,0.5,10.0,0.07792207792207792,0.12083333333333332,0.0,0.08,0.0,0.025
Haiti,-,3334,51,332.0,6.0,2020-03-20,35,92.74285714285715,1.2,183.625,1.25,2,34,13,186.0,2.0,6.5,80.125,0.015296940611877625,1.9799368453481208,1.0416666666666667,0.9872311827956989,0.625,2.291731669266771
Honduras,-,6327,258,473.0,13.0,2020-03-11,71,88.05633802816901,3.619718309859155,154.125,7.125,15,57,32,173.125,5.25,16.125,118.375,0.04077761972498815,1.7502999040307103,1.968385214007782,0.8902527075812274,1.3571428571428572,1.3020063357972544
Hungary,-,4008,546,210.0,23.0,2020-03-04,79,49.65822784810127,6.8734177215189876,17.625,2.75,59,8,45,75.625,15.0,20.375,98.875,0.13622754491017963,0.3549260769819016,0.40009208103130756,0.23305785123966943,0.18333333333333332,0.17825537294563842
Iceland,-,1807,10,99.0,5.0,2020-02-28,88,19.568181818181817,0.18181818181818182,0.125,0.0,67,1,78,72.75,1.25,0.125,51.5,0.005534034311012728,0.006387921022067364,0.0,0.001718213058419244,0.0,0.0024271844660194173
India,-,257486,7207,10864.0,297.0,2020-01-30,86,2993.0697674418607,83.79069767441861,9457.375,252.75,1,84,10,9457.375,245.75,12.333333333333334,6908.125,0.027989871293973265,3.1597576183742286,3.016444629475437,1.0,1.0284842319430316,1.3690219849814529
Indonesia,-,31186,1851,993.0,60.0,2020-03-02,85,365.7647058823529,21.71764705882353,676.625,34.75,2,84,18,662.25,31.25,19.0,590.5,0.059353556082857695,1.8498914441942746,1.6000812567713976,1.0217063042657606,1.112,1.1458509737510585
Iran,-,171789,8281,3574.0,158.0,2020-02-19,103,1666.9320388349515,80.24271844660194,2854.875,68.375,4,103,70,2834.875,134.25,44.0,2482.125,0.04820448340697018,1.7126523058464478,0.8521022383545069,1.007054984787689,0.5093109869646183,1.1501737422571385
Iraq,-,12366,346,1268.0,33.0,2020-02-24,87,141.32183908045977,3.8850574712643677,773.375,18.875,1,79,10,773.375,16.625,14.125,249.5,0.027979945010512697,5.472437982919886,4.858357988165681,1.0,1.1353383458646618,3.099699398797595
Ireland,-,25201,1679,1515.0,220.0,2020-02-29,86,291.98837209302326,19.558139534883722,34.0,3.75,59,6,46,530.0,66.0,46.0,632.5,0.0666243403039562,0.11644299311058898,0.1917360285374554,0.06415094339622641,0.056818181818181816,0.05375494071146245
Israel,-,17863,298,1131.0,13.0,2020-02-21,88,202.0909090909091,3.3863636363636362,106.375,1.75,75,15,64,264.875,8.625,13.625,601.375,0.016682528130773106,0.5263720197930725,0.5167785234899329,0.4016045304388863,0.2028985507246377,0.17688630222406984
Italy,-,234998,33899,6557.0,919.0,2020-01-31,106,2216.377358490566,319.7830188679245,291.75,69.875,79,105,65,4489.75,716.125,83.5,4766.75,0.1442522915088639,0.13163372152415975,0.2185075375401953,0.06498134640013364,0.09757374759993018,0.06120522368490061
Jamaica,-,598,10,52.0,1.0,2020-03-11,54,9.722222222222221,0.1111111111111111,2.125,0.125,54,2,43,52.0,0.125,2.625,23.375,0.016722408026755852,0.21857142857142858,1.125,0.040865384615384616,1.0,0.09090909090909091
Japan,-,17039,917,1161.0,49.0,2020-01-22,108,161.25,8.49074074074074,40.375,3.0,52,91,42,640.0,20.5,31.875,419.5,0.05381771230706028,0.2503875968992248,0.3533260632497274,0.0630859375,0.14634146341463414,0.09624553039332538
Jordan,-,808,9,40.0,2.0,2020-03-03,78,9.26923076923077,0.11538461538461539,9.25,0.0,74,36,19,25.4,0.625,2.125,12.0,0.011138613861386138,0.9979253112033194,0.0,0.3641732283464567,0.0,0.7708333333333334
Kazakhstan,-,12694,56,685.0,5.0,2020-03-13,74,170.44594594594594,0.7702702702702703,289.0,2.25,17,70,5,293.5,1.0,44.2,387.25,0.004411533007720183,1.6955522080393246,2.9210526315789473,0.9846678023850085,2.25,0.7462879276952873
Kenya,-,2767,84,167.0,5.0,2020-03-13,67,40.08955223880597,1.2388059701492538,109.875,2.625,1,58,11,109.875,2.25,8.625,73.625,0.030357788218286955,2.7407390171258377,2.1189759036144578,1.0,1.1666666666666667,1.4923599320882852
"Korea, South",-,11814,273,851.0,11.0,2020-01-22,109,108.10091743119266,2.5045871559633026,43.25,0.375,97,34,107,544.125,2.75,6.75,134.0,0.023108176739461656,0.4000891114317237,0.14972527472527472,0.07948541235929245,0.13636363636363635,0.32276119402985076
Kosovo,-,1142,30,104.0,4.0,2020-03-26,69,15.18840579710145,0.42028985507246375,9.75,0.0,55,11,5,30.25,0.625,7.375,13.0,0.02626970227670753,0.6419370229007634,0.0,0.32231404958677684,0.0,0.75
Kuwait,-,31848,264,1073.0,11.0,2020-02-24,86,369.3953488372093,3.0697674418604652,707.0,7.375,20,77,10,934.75,8.375,9.625,821.875,0.008289374529012811,1.9139385545202718,2.402462121212121,0.7563519657662476,0.8805970149253731,0.8602281368821293
Kyrgyzstan,-,2007,22,78.0,3.0,2020-03-18,69,27.72463768115942,0.3188405797101449,35.625,0.75,21,64,11,26.75,0.5,8.833333333333334,40.5,0.01096163428001993,1.2849581808677468,2.3522727272727275,1.3317757009345794,1.5,0.8796296296296297
Latvia,-,1088,25,48.0,4.0,2020-03-02,80,12.525,0.3125,2.875,0.125,68,2,77,31.125,0.5,2.75,23.5,0.02297794117647059,0.22954091816367264,0.4,0.09236947791164658,0.25,0.12234042553191489
Lebanon,-,1331,30,63.0,2.0,2020-02-21,85,14.564705882352941,0.3176470588235294,17.5,0.5,18,34,78,18.25,0.375,3.875,19.375,0.022539444027047332,1.201534733441034,1.5740740740740742,0.958904109589041,1.3333333333333333,0.9032258064516129
Liberia,-,359,30,17.0,4.0,2020-03-16,48,5.416666666666667,0.4583333333333333,9.875,0.375,41,13,6,5.25,1.0,4.625,5.75,0.08356545961002786,1.823076923076923,0.8181818181818182,1.880952380952381,0.375,1.7173913043478262
Lithuania,-,1714,71,90.0,6.0,2020-02-28,78,22.256410256410255,0.8974358974358975,5.5,0.125,51,5,65,30.0,1.625,5.625,51.625,0.041423570595099185,0.24711981566820276,0.1392857142857143,0.18333333333333332,0.07692307692307693,0.10653753026634383
Luxembourg,-,4039,110,234.0,8.0,2020-02-29,83,47.734939759036145,1.3373493975903614,2.875,0.0,75,6,62,149.125,3.875,3.375,122.75,0.02723446397623174,0.06022841998990409,0.0,0.019279128248113998,0.0,0.023421588594704685
Madagascar,-,1052,9,63.0,3.0,2020-03-20,58,16.655172413793103,0.15517241379310345,36.75,0.375,5,43,23,40.25,0.375,0.5,12.125,0.008555133079847909,2.206521739130435,2.4166666666666665,0.9130434782608695,1.0,3.0309278350515463
Malawi,-,438,4,102.0,0.0,2020-04-02,14,25.357142857142858,0.0,19.875,0.0,11,8,1,30.0,0.0,28.714285714285715,19.875,0.0091324200913242,0.7838028169014084,0.0,0.6625,0.0,1.0
Malaysia,-,8322,117,277.0,8.0,2020-01-25,91,90.36263736263736,1.2857142857142858,70.0,0.25,4,11,74,78.5,3.875,77.5,155.125,0.014059120403749098,0.7746564514167579,0.19444444444444442,0.89171974522293,0.06451612903225806,0.4512489927477841
Maldives,-,1903,8,190.0,1.0,2020-03-08,46,39.5,0.17391304347826086,28.875,0.375,39,1,8,47.75,0.375,28.875,57.5,0.004203888596952181,0.7310126582278481,2.15625,0.6047120418848168,1.0,0.5021739130434782
Mali,-,1533,90,78.0,6.0,2020-03-25,57,25.36842105263158,1.456140350877193,35.375,1.75,11,54,40,32.875,1.875,15.25,28.0,0.05870841487279843,1.3944502074688796,1.2018072289156625,1.0760456273764258,0.9333333333333333,1.2633928571428572
Malta,-,629,9,52.0,2.0,2020-03-07,77,7.0,0.11688311688311688,1.375,0.0,62,6,75,17.125,0.375,1.125,13.0,0.014308426073131956,0.19642857142857142,0.0,0.08029197080291971,0.0,0.10576923076923077
Mauritania,-,1049,55,102.0,8.0,2020-03-14,20,48.4,2.55,70.75,4.375,1,13,10,70.75,2.75,23.375,31.25,0.052430886558627265,1.4617768595041323,1.715686274509804,1.0,1.5909090909090908,2.264
Mauritius,-,337,10,41.0,2.0,2020-03-18,72,3.4027777777777777,0.1111111111111111,0.25,0.0,60,10,70,19.125,0.25,0.375,11.333333333333334,0.02967359050445104,0.07346938775510205,0.0,0.013071895424836602,0.0,0.022058823529411763
Mexico,-,117103,13699,4442.0,1092.0,2020-02-28,82,1426.9512195121952,167.0609756097561,3698.875,490.0,4,82,13,3457.125,449.375,25.0,2865.875,0.11698248550421424,2.5921523801384496,2.9330608073582014,1.0699280471490038,1.090403337969402,1.2906616652854712
Moldova,-,9700,341,264.0,11.0,2020-03-08,77,124.75324675324676,4.415584415584416,200.25,6.25,2,77,26,201.875,6.25,15.0,130.375,0.03515463917525773,1.6051686445971267,1.415441176470588,0.9919504643962849,1.0,1.5359539789069991
Mongolia,-,193,0,37.0,0.0,2020-03-10,23,4.130434782608695,0.0,1.75,0.0,23,4,10,37.0,0.0,4.75,4.875,0.0,0.42368421052631583,0.0,0.0472972972972973,0.0,0.358974358974359
Montenegro,-,324,9,30.0,1.0,2020-03-17,69,3.3768115942028984,0.11594202898550725,0.0,0.0,66,34,53,20.75,0.125,0.375,6.875,0.027777777777777776,0.0,0.0,0.0,0.0,0.0
Morocco,-,8224,208,281.0,12.0,2020-03-02,78,104.2051282051282,2.628205128205128,55.5,0.5,52,78,28,148.75,3.3333333333333335,19.0,172.25,0.02529182879377432,0.5326033464566929,0.1902439024390244,0.373109243697479,0.15,0.32220609579100146
Mozambique,-,424,2,55.0,1.0,2020-03-22,28,11.892857142857142,0.07142857142857142,22.5,0.0,2,10,15,21.875,0.25,9.0,8.125,0.0047169811320754715,1.8918918918918919,0.0,1.0285714285714285,0.0,2.769230769230769
Nepal,-,3448,13,334.0,2.0,2020-01-25,32,104.6875,0.40625,255.875,0.875,4,31,13,218.5,0.875,1.5,49.625,0.0037703016241299302,2.444179104477612,2.1538461538461537,1.1710526315789473,1.0,5.156171284634761
Netherlands,-,47574,6013,1335.0,234.0,2020-02-27,94,505.2340425531915,63.96808510638298,164.625,7.75,59,94,73,1050.0,154.625,46.0,767.875,0.1263925673687308,0.3258390886886212,0.1211541659737236,0.15678571428571428,0.050121261115602264,0.2143903630148136
Netherlands,Aruba,101,3,3.0,1.0,2020-03-13,47,0.0851063829787234,0.02127659574468085,0.0,0.0,47,34,34,3.0,0.125,0.125,0.125,0.0297029702970297,0.0,0.0,0.0,0.0,0.0
New Zealand,-,1504,22,89.0,4.0,2020-02-28,78,18.641025641025642,0.28205128205128205,0.0,0.0,64,18,73,73.5,1.0,0.875,52.666666666666664,0.014627659574468085,0.0,0.0,0.0,0.0,0.0
Nicaragua,-,1118,46,480.0,18.0,2020-03-19,20,54.65,1.9,44.875,1.375,13,18,4,91.75,3.375,84.66666666666667,44.875,0.04114490161001789,0.8211344922232389,0.7236842105263158,0.4891008174386921,0.4074074074074074,1.0
Niger,-,973,65,69.0,4.0,2020-03-20,66,13.257575757575758,0.9090909090909091,2.125,0.125,63,5,52,38.75,1.25,1.125,27.125,0.06680369989722508,0.16028571428571428,0.1375,0.054838709677419356,0.1,0.07834101382488479
Nigeria,-,12486,354,553.0,17.0,2020-02-28,71,174.6056338028169,4.971830985915493,328.875,10.125,9,65,31,324.25,6.625,17.857142857142858,247.5,0.028351753964440174,1.8835302895861903,2.0364730878186967,1.0142636854279106,1.528301886792453,1.3287878787878789
North Macedonia,-,3025,153,179.0,7.0,2020-02-26,78,37.69230769230769,1.9615384615384615,107.625,2.75,3,36,53,89.125,3.375,18.0,58.0,0.05057851239669422,2.8553571428571427,1.4019607843137256,1.2075736325385695,0.8148148148148148,1.855603448275862
Norway,-,8547,238,386.0,16.0,2020-02-26,94,90.0,2.5319148936170213,13.75,0.25,73,8,87,251.125,6.625,11.75,113.625,0.027846027846027847,0.1527777777777778,0.09873949579831932,0.0547536087605774,0.03773584905660377,0.12101210121012101
Oman,-,16882,75,1014.0,9.0,2020-02-24,74,226.7972972972973,1.0135135135135136,807.375,4.125,8,74,17,522.5,2.75,10.0,306.625,0.004442601587489634,3.559896919501877,4.069999999999999,1.5452153110047846,1.5,2.6331023236852835
Pakistan,-,98943,2002,4960.0,97.0,2020-02-26,84,1177.2619047619048,23.833333333333332,4060.75,75.875,1,78,24,4060.75,77.25,103.28571428571429,1769.375,0.020233872027328865,3.449317423399737,3.1835664335664338,1.0,0.982200647249191,2.295019427764041
Panama,-,16425,393,541.0,16.0,2020-03-10,81,201.71604938271605,4.839506172839506,425.875,7.875,2,81,11,434.125,7.5,23.0,269.25,0.023926940639269405,2.111259869025032,1.6272321428571428,0.9809962568384681,1.05,1.5817084493964717
Paraguay,-,1135,11,126.0,2.0,2020-03-08,64,16.234375,0.125,21.375,0.0,30,3,5,44.5,1.0,23.375,24.125,0.009691629955947136,1.31665062560154,0.0,0.4803370786516854,0.0,0.8860103626943006
Peru,-,196515,5465,8875.0,260.0,2020-03-06,83,2366.614457831325,65.8433734939759,5105.5,136.75,5,76,18,6145.375,138.25,41.25,4057.875,0.02780958196575325,2.15730111134303,2.0768984446477585,0.830787380753819,0.9891500904159132,1.2581708406493546
Philippines,-,21895,1003,1046.0,50.0,2020-01-30,86,253.84883720930233,11.627906976744185,583.875,6.625,10,84,1,400.0,19.125,26.0,583.875,0.045809545558346654,2.3000893225230175,0.56975,1.4596875,0.3464052287581699,1.0
Poland,-,26561,1157,595.0,40.0,2020-03-04,86,308.0581395348837,13.430232558139535,373.75,12.0,27,82,2,364.375,22.5,36.6,353.875,0.0435601069236851,1.2132450081153512,0.8935064935064935,1.0257289879931388,0.5333333333333333,1.0561638996820912
Portugal,-,34693,1479,1516.0,37.0,2020-03-02,87,399.9425287356322,17.0,311.25,10.375,59,87,69,804.75,23.25,53.0,672.875,0.042631078315510336,0.7782368156344301,0.6102941176470589,0.38676607642124883,0.44623655913978494,0.4625673416310607
Qatar,-,68790,54,2355.0,4.0,2020-02-29,89,772.6516853932584,0.6067415730337079,1691.0,2.25,9,77,25,1847.625,2.0,12.5,1287.5,0.0007849978194505015,2.188567024401594,3.708333333333333,0.9152290102158176,1.125,1.3133980582524272
Romania,-,20479,1333,523.0,35.0,2020-02-26,86,237.09302325581396,15.5,168.25,9.25,58,85,47,350.875,25.75,21.0,353.875,0.06509106889984863,0.7096370769985286,0.5967741935483871,0.4795154969718561,0.3592233009708738,0.47545037089367714
Russia,-,467073,5851,11656.0,232.0,2020-01-31,83,5626.301204819277,70.49397590361446,8812.25,162.0,28,83,37,10832.125,159.375,24.0,6929.0,0.012526949748754478,1.566259906677545,2.298068706204068,0.813529201333995,1.016470588235294,1.2717924664453746
Rwanda,-,439,2,22.0,1.0,2020-03-14,65,5.384615384615385,0.03076923076923077,10.0,0.125,45,17,65,4.75,0.25,4.25,13.0,0.004555808656036446,1.857142857142857,4.0625,2.1052631578947367,0.5,0.7692307692307693
San Marino,-,680,42,54.0,6.0,2020-02-27,85,7.1647058823529415,0.43529411764705883,1.125,0.0,53,6,78,18.375,2.142857142857143,0.75,11.875,0.061764705882352944,0.15701970443349753,0.0,0.061224489795918366,0.0,0.09473684210526316
Sao Tome and Principe,-,513,12,151.0,3.0,2020-04-06,34,14.411764705882353,0.2647058823529412,4.25,0.0,34,4,13,151.0,0.5,5.25,24.375,0.023391812865497075,0.29489795918367345,0.0,0.028145695364238412,0.0,0.17435897435897435
Saudi Arabia,-,101914,712,3121.0,36.0,2020-03-02,86,1184.046511627907,8.279069767441861,2316.25,29.0,2,84,23,2137.875,29.0,10.666666666666666,2073.0,0.006986282551955571,1.9562153828023727,3.502808988764045,1.0834356545635269,1.0,1.1173420164013508
Senegal,-,4328,49,177.0,4.0,2020-03-02,74,57.148648648648646,0.6621621621621622,99.125,0.875,28,57,3,88.0,1.375,7.625,100.875,0.01132162661737523,1.7345117048947742,1.3214285714285714,1.1264204545454546,0.6363636363636364,0.9826517967781908
Serbia,-,11823,249,445.0,12.0,2020-03-06,81,144.93827160493828,3.111111111111111,55.25,0.875,53,7,37,331.5,3.5,33.875,234.875,0.02106064450647044,0.3811967632027257,0.28125,0.16666666666666666,0.25,0.23523150612027674
Sierra Leone,-,969,48,86.0,7.0,2020-03-31,41,21.365853658536587,1.0731707317073171,14.625,0.25,15,7,26,30.625,1.875,19.75,23.5,0.04953560371517028,0.6845034246575342,0.23295454545454544,0.4775510204081633,0.13333333333333333,0.6223404255319149
Singapore,-,37910,25,1426.0,2.0,2020-01-23,100,378.17,0.25,443.0,0.25,49,97,38,685.25,0.75,4.25,740.375,0.0006594566077552098,1.1714308379829177,1.0,0.6464793870850055,0.3333333333333333,0.5983454330575722
Slovakia,-,1528,28,114.0,4.0,2020-03-06,82,17.75609756097561,0.35365853658536583,0.875,0.0,53,4,63,36.875,0.5,1.375,27.5,0.01832460732984293,0.04927884615384615,0.0,0.023728813559322035,0.0,0.031818181818181815
Slovenia,-,1485,109,70.0,6.0,2020-03-05,87,16.04597701149425,1.2528735632183907,1.5,0.125,73,1,87,43.25,3.125,1.5,52.0,0.0734006734006734,0.0934813753581662,0.09977064220183487,0.03468208092485549,0.04,0.028846153846153848
Somalia,-,2334,83,97.0,8.0,2020-03-16,52,43.34615384615385,1.5,52.25,1.25,11,39,2,31.875,1.5714285714285714,39.375,57.625,0.03556126820908312,1.2054125998225378,0.8333333333333334,1.6392156862745098,0.7954545454545455,0.9067245119305857
South Africa,-,48285,998,3267.0,60.0,2020-03-05,82,588.0853658536586,12.170731707317072,2164.75,44.375,4,72,15,1856.875,41.375,123.125,1028.5,0.020668944806875842,3.6810132094643633,3.6460420841683367,1.1658027600134635,1.0725075528700907,2.104764219737482
Spain,-,241550,27136,9630.0,961.0,2020-02-01,98,2570.122448979592,296.46938775510205,290.25,1.375,75,98,53,4720.875,837.625,36.0,4591.0,0.1123411302007866,0.11293236246982595,0.004637915605424382,0.06148224640559218,0.0016415460379047902,0.06322152036593334
Sri Lanka,-,1835,11,150.0,1.0,2020-01-27,76,22.86842105263158,0.14473684210526316,26.875,0.125,12,19,42,55.25,0.25,17.375,39.625,0.005994550408719346,1.1752013808975834,0.8636363636363636,0.48642533936651583,0.5,0.6782334384858044
Sudan,-,6081,359,5087.0,349.0,2020-03-13,80,1222.175,73.3,2279.625,157.4375,4,79,24,2219.75,151.625,103.0,1483.75,0.059036342706791645,1.8652197925828953,2.1478512960436564,1.0269737583061156,1.0383347073371805,1.5363942712721146
Sweden,-,44730,4659,2214.0,185.0,2020-01-31,94,474.8510638297872,49.56382978723404,952.125,33.0,5,94,45,795.375,105.75,7.0,628.375,0.10415828303152247,2.0051023837261406,0.6658081133290406,1.1970768505421971,0.3120567375886525,1.5152178237517406
Switzerland,-,30965,1921,1321.0,75.0,2020-02-25,95,325.0,20.221052631578946,15.0,0.25,77,6,68,824.375,54.375,16.0,986.375,0.06203778459551106,0.046153846153846156,0.012363352420614265,0.01819560272934041,0.004597701149425287,0.01520719807375491
Syria,-,141,6,20.0,1.0,2020-03-22,14,3.9285714285714284,0.14285714285714285,2.375,0.25,14,2,1,20.0,0.25,0.375,2.375,0.0425531914893617,0.6045454545454546,1.75,0.11875,1.0,1.0
Taiwan,-,443,7,27.0,3.0,2020-01-22,82,4.463414634146342,0.07317073170731707,0.125,0.0,80,7,50,19.333333333333332,0.375,0.25,4.375,0.01580135440180587,0.028005464480874313,0.0,0.006465517241379311,0.0,0.02857142857142857
Tajikistan,-,4529,48,211.0,8.0,2020-04-30,36,123.69444444444444,1.2777777777777777,90.25,0.125,24,28,15,82.125,2.5714285714285716,66.625,200.875,0.010598366085228527,0.7296204805748934,0.09782608695652174,1.0989345509893456,0.048611111111111105,0.4492843808338519
Tanzania,-,509,21,181.0,6.0,2020-03-16,52,7.980769230769231,0.3269230769230769,0.0,0.0,40,45,49,28.25,0.75,25.625,40.0,0.0412573673870334,0.0,0.0,0.0,0.0,0.0
Thailand,-,3112,58,188.0,4.0,2020-01-22,85,35.64705882352941,0.6705882352941176,4.375,0.125,78,3,69,64.625,1.875,4.625,116.25,0.018637532133676093,0.12273102310231022,0.18640350877192985,0.06769825918762089,0.06666666666666667,0.03763440860215054
Togo,-,495,13,35.0,2.0,2020-03-06,40,9.9,0.175,7.75,0.0,23,7,11,19.125,1.5,7.75,10.25,0.026262626262626262,0.7828282828282828,0.0,0.40522875816993464,0.0,0.7560975609756098
Trinidad and Tobago,-,117,8,5.0,1.0,2020-03-14,65,0.2923076923076923,0.03076923076923077,0.0,0.0,65,9,54,5.0,0.6666666666666666,0.125,0.875,0.06837606837606838,0.0,0.0,0.0,0.0,0.0
Tunisia,-,1087,49,82.0,4.0,2020-03-04,76,13.131578947368421,0.6052631578947368,1.375,0.125,69,5,53,38.125,1.75,4.5,24.25,0.045078196872125116,0.10470941883767534,0.20652173913043478,0.036065573770491806,0.07142857142857142,0.05670103092783505
Turkey,-,170132,4692,5138.0,127.0,2020-03-11,81,2099.185185185185,57.91358024691358,878.625,22.125,58,81,49,3905.75,114.5,94.0,4253.0,0.02757858603907554,0.418555259536328,0.3820347473886165,0.22495679446969213,0.19323144104803494,0.2065894662591112
US,Alabama,20166,688,687.0,37.0,2020-03-13,80,251.1,8.6,351.0,8.75,14,79,2,428.25,17.625,26.5,334.75,0.03411683030843995,1.3978494623655915,1.0174418604651163,0.819614711033275,0.49645390070921985,1.0485436893203883
US,Alaska,544,10,26.0,10.0,2020-03-12,72,6.375,0.2638888888888889,13.75,0.0,8,12,62,6.5,1.25,1.5,11.75,0.01838235294117647,2.156862745098039,0.0,2.1153846153846154,0.0,1.1702127659574468
US,Arizona,26889,1040,1578.0,66.0,2020-01-26,79,339.56962025316454,13.164556962025317,954.25,18.0,3,7,31,821.0,24.5,473.0,359.75,0.0386775261259251,2.810174830388429,1.3673076923076921,1.1623020706455542,0.7346938775510204,2.652536483669215
US,Arkansas,9426,154,454.0,10.0,2020-03-11,80,117.05,1.95,302.0,2.625,18,50,2,152.625,3.875,69.0,290.625,0.01633778909399533,2.5800939769329347,1.3461538461538463,1.9787059787059786,0.6774193548387096,1.0391397849462365
US,California,130753,4632,3468.0,144.0,2020-01-26,93,1405.0967741935483,49.763440860215056,2596.0,61.375,9,92,34,2413.875,68.625,26.0,1690.375,0.03542557340940552,1.8475595757380965,1.2333351339671563,1.0754492258298378,0.8943533697632058,1.5357539007616654
US,Colorado,28001,1527,1182.0,122.0,2020-03-06,86,324.69767441860466,17.767441860465116,237.875,10.5,53,83,44,377.5,37.25,26.5,479.75,0.05453376665119103,0.7326045695459104,0.5909685863874345,0.6301324503311259,0.28187919463087246,0.4958311620635748
US,Connecticut,43968,4071,2109.0,204.0,2020-03-09,81,541.6296296296297,50.24691358024691,243.25,19.875,47,79,56,1060.0,97.125,42.333333333333336,963.25,0.0925900655021834,0.44910763129102843,0.39554668304668306,0.2294811320754717,0.20463320463320464,0.25253049571762265
US,Delaware,9942,398,458.0,21.0,2020-03-12,76,129.67105263157896,5.2368421052631575,65.0,4.625,43,75,33,187.0,5.75,16.0,150.375,0.040032186682760006,0.5012683916793506,0.8831658291457287,0.34759358288770054,0.8043478260869565,0.4322527015793849
US,District of Columbia,9332,489,335.0,45.0,2020-03-08,78,118.38461538461539,6.32051282051282,76.875,3.375,38,78,18,162.125,6.25,18.0,150.5,0.052400342906129445,0.6493664717348928,0.533975659229209,0.47417116422513494,0.54,0.510797342192691
US,Florida,63938,2700,1449.0,110.0,2020-03-02,85,751.0823529411765,31.729411764705883,1064.625,31.75,67,84,4,879.125,39.625,35.5,943.625,0.0422284087709969,1.417454418721218,1.0006488691138302,1.2110052609128394,0.8012618296529969,1.128228904490661
US,Georgia,51920,2180,2299.0,81.0,2020-03-03,84,616.9285714285714,25.94047619047619,697.875,22.5,12,84,62,986.75,28.75,23.0,766.5,0.04198767334360555,1.1312087530392496,0.867370353373107,0.7072460096275652,0.782608695652174,0.9104696673189824
US,Hawaii,675,17,34.0,7.0,2020-03-07,75,7.8933333333333335,0.22666666666666666,3.0,0.0,66,5,51,26.625,0.875,1.25,13.5,0.025185185185185185,0.38006756756756754,0.0,0.11267605633802817,0.0,0.2222222222222222
US,Idaho,3139,83,221.0,6.0,2020-03-14,75,40.88,1.1066666666666667,37.625,0.125,67,8,54,95.875,3.375,26.625,47.125,0.026441541892322395,0.920376712328767,0.11295180722891567,0.3924380704041721,0.037037037037037035,0.7984084880636605
US,Illinois,127757,5904,4014.0,190.0,2020-01-24,84,1519.8214285714287,70.28571428571429,1105.5,71.75,27,84,38,2398.25,119.125,12.0,2389.625,0.04621273198337469,0.7273880860063446,1.0208333333333333,0.46096111748149693,0.602308499475341,0.4626248888423916
US,Indiana,37397,2121,1185.0,62.0,2020-03-06,80,466.775,26.45,480.75,22.25,45,77,8,511.75,37.875,50.75,459.5,0.056715779340588815,1.0299394783353866,0.8412098298676749,0.9394235466536395,0.5874587458745875,1.0462459194776932
US,Iowa,21611,602,756.0,26.0,2020-03-09,77,279.4935064935065,7.818181818181818,309.5,9.375,37,77,4,523.875,13.5,15.0,306.0,0.027856184350562214,1.107360252776358,1.1991279069767442,0.5907897876401813,0.6944444444444444,1.011437908496732
US,Kansas,10468,232,501.0,11.0,2020-03-08,75,138.34666666666666,3.066666666666667,88.125,2.375,39,8,17,253.125,4.25,89.5,166.625,0.02216278181123424,0.6369867964533539,0.7744565217391304,0.34814814814814815,0.5588235294117647,0.5288822205551388
US,Kentucky,11287,470,572.0,20.0,2020-03-09,77,145.72727272727272,6.064935064935065,198.875,4.875,34,71,13,209.375,6.875,46.142857142857146,129.25,0.04164082572871445,1.364706799750468,0.8038008565310493,0.9498507462686567,0.7090909090909091,1.5386847195357833
US,Louisiana,42816,2825,2670.0,174.0,2020-03-09,85,502.7176470588235,33.22352941176471,406.5,18.375,67,85,18,912.375,62.375,18.0,483.75,0.06598000747384156,0.8086049940324355,0.5530718838526911,0.4455404849979449,0.29458917835671344,0.8403100775193798
US,Maine,2570,99,107.0,5.0,2020-03-12,77,32.22077922077922,1.2857142857142858,36.5,1.25,13,42,32,49.5,2.0,19.5,34.375,0.03852140077821012,1.1328093510681176,0.9722222222222221,0.7373737373737373,0.625,1.0618181818181818
US,Maryland,57973,2788,1783.0,162.0,2020-03-06,81,714.6666666666666,34.96296296296296,744.75,47.625,20,81,38,1021.5,61.875,22.0,966.25,0.048091352871164166,1.0420942164179106,1.3621557203389831,0.7290748898678414,0.7696969696969697,0.7707632600258733
US,Massachusetts,103436,7316,4946.0,253.0,2020-02-01,88,1174.3295454545455,83.13636363636364,891.875,68.5,45,86,7,2348.5,180.5,14.666666666666666,1015.25,0.07072972659422251,0.7594759098518497,0.8239475123018042,0.3797636789440068,0.37950138504155123,0.8784782073380941
US,Michigan,64413,5895,5296.0,281.0,2020-03-10,81,794.2345679012345,72.76543209876543,941.25,54.0,3,7,66,940.5,130.125,356.5,1235.5,0.09151879279027525,1.1851032906906254,0.7421106209704784,1.0007974481658692,0.414985590778098,0.7618373128288143
US,Minnesota,27886,1186,1011.0,35.0,2020-03-06,80,347.4625,14.825,462.75,20.0,40,79,16,264.125,23.75,24.0,700.875,0.04253030194362763,1.331798395510307,1.349072512647555,1.7520113582584005,0.8421052631578947,0.6602461209202782
US,Mississippi,17270,817,420.0,32.0,2020-03-12,79,217.59493670886076,10.341772151898734,258.5,11.75,10,77,31,320.75,16.875,56.333333333333336,284.375,0.04730746960046323,1.1879872018615474,1.1361689106487147,0.8059236165237724,0.6962962962962963,0.909010989010989
US,Missouri,14553,809,366.0,44.0,2020-03-08,78,185.42307692307693,10.333333333333334,199.5,4.875,35,78,63,218.25,13.75,16.0,229.375,0.05558991273276988,1.075917859365277,0.47177419354838707,0.9140893470790378,0.35454545454545455,0.8697547683923705
US,Montana,552,20,82.0,3.0,2020-03-13,73,6.342465753424658,0.273972602739726,5.25,0.125,53,2,73,10.25,0.375,6.125,31.0,0.036231884057971016,0.8277537796976242,0.45625000000000004,0.5121951219512195,0.3333333333333333,0.1693548387096774
US,Nebraska,15448,187,628.0,56.0,2020-03-06,72,213.40277777777777,2.5694444444444446,220.0,2.625,31,71,40,432.875,7.0,23.0,290.5,0.012105126877265665,1.0309144158802472,1.0216216216216216,0.5082298585041871,0.375,0.7573149741824441
US,Nevada,9649,438,700.0,52.0,2020-03-05,80,120.125,5.65,141.75,3.125,53,31,30,125.75,9.25,89.625,128.75,0.045393305005700074,1.1800208116545265,0.5530973451327433,1.1272365805168987,0.33783783783783783,1.1009708737864077
US,New Hampshire,5043,283,214.0,19.0,2020-03-02,77,64.48051948051948,3.675324675324675,61.5,5.125,18,76,38,79.5,6.375,15.0,80.0,0.0561173904421971,0.9537764350453173,1.3944346289752652,0.7735849056603774,0.803921568627451,0.76875
US,New Jersey,164202,12176,5102.0,864.0,2020-03-05,84,1953.6190476190477,144.92857142857142,574.5,67.875,65,8,46,3271.5,262.75,821.5,3619.875,0.07415256817821951,0.2940696143908741,0.4683341547560375,0.1756075194864741,0.25832540437678403,0.158707137677406
US,New Mexico,8940,396,467.0,17.0,2020-03-11,75,117.93333333333334,5.28,164.625,5.625,21,72,3,155.875,8.75,28.25,163.75,0.04429530201342282,1.3959157716223856,1.065340909090909,1.0561347233360063,0.6428571428571429,1.0053435114503817
US,New York,378166,30170,13262.0,1460.0,2020-03-02,92,4109.663043478261,327.95652173913044,1054.625,75.875,66,90,54,8084.5,822.125,32.0,9348.875,0.07977977925038211,0.2566207956327743,0.23135688718016703,0.1304502442946379,0.09229131823019614,0.1128076907649316
US,North Carolina,35546,996,1583.0,65.0,2020-03-03,81,438.0617283950617,12.296296296296296,984.625,15.0,7,77,16,755.125,17.875,45.4,698.125,0.028020030383165476,2.247685511371643,1.2198795180722892,1.303923191524582,0.8391608391608392,1.4103849597135183
US,North Dakota,2861,72,234.0,6.0,2020-03-12,70,39.48571428571429,1.0142857142857142,38.625,1.625,49,59,18,39.875,1.5,14.875,67.875,0.02516602586508214,0.9782018813314037,1.602112676056338,0.9686520376175548,1.0833333333333333,0.569060773480663
US,Ohio,38477,2377,1356.0,135.0,2020-03-09,81,473.962962962963,29.34567901234568,430.875,28.875,50,81,31,665.0,47.125,33.0,624.625,0.06177716557943707,0.909090021098695,0.9839608750525872,0.6479323308270677,0.6127320954907162,0.6898138883329998
US,Oklahoma,7151,364,450.0,33.0,2020-03-07,76,93.02631578947368,4.7631578947368425,91.625,3.875,48,76,17,92.75,8.5,25.0,111.25,0.05090197175220249,0.984936350777935,0.8135359116022098,0.9878706199460916,0.45588235294117646,0.8235955056179776
US,Oregon,4655,161,101.0,7.0,2020-02-29,80,57.0875,1.975,58.75,1.0,65,22,3,73.125,3.0,57.625,60.875,0.03458646616541353,1.0291219619005911,0.5063291139240506,0.8034188034188035,0.3333333333333333,0.9650924024640657
US,Pennsylvania,75592,5943,1989.0,547.0,2020-03-06,82,920.6951219512196,72.6951219512195,522.125,53.0,60,82,51,1552.875,175.625,37.0,1386.0,0.07861943062757963,0.5670986926632846,0.7290723033048147,0.33623118409401914,0.30177935943060497,0.3767135642135642
US,Rhode Island,15441,772,880.0,38.0,2020-03-01,77,199.45454545454547,10.025974025974026,77.75,6.75,34,77,47,350.625,19.875,23.0,323.75,0.04999676186775468,0.3898131267092069,0.6732512953367875,0.22174688057040998,0.33962264150943394,0.24015444015444015
US,South Carolina,14286,546,698.0,40.0,2020-03-06,80,177.575,6.825,307.125,7.875,9,78,42,274.125,12.125,37.666666666666664,155.25,0.03821923561528769,1.7295508939884556,1.1538461538461537,1.1203830369357046,0.6494845360824743,1.9782608695652173
US,South Dakota,5438,65,248.0,5.0,2020-03-09,70,76.4,0.9142857142857143,60.375,0.625,30,70,54,108.5,1.375,10.0,105.875,0.011952923869069512,0.7902486910994764,0.68359375,0.5564516129032258,0.45454545454545453,0.5702479338842975
US,Tennessee,25948,414,1158.0,23.0,2020-03-05,81,319.1358024691358,5.271604938271605,423.25,6.375,38,8,10,453.375,5.75,391.25,390.125,0.015954986896870665,1.326237911025145,1.2093091334894612,0.9335539012958368,1.108695652173913,1.0849086831143864
US,Texas,74978,1830,1950.0,58.0,2020-03-05,82,913.439024390244,22.304878048780488,1581.0,22.75,8,78,23,1226.75,33.625,57.8,1288.0,0.024407159433433807,1.7308216068996822,1.0199562602515035,1.288771143264724,0.6765799256505576,1.2274844720496894
US,Utah,11890,121,681.0,9.0,2020-03-07,80,147.65,1.5375,326.0,1.625,7,79,31,202.625,2.125,29.0,156.5,0.010176619007569386,2.2079241449373517,1.056910569105691,1.608883405305367,0.7647058823529411,2.083067092651757
US,Vermont,1063,55,72.0,5.0,2020-03-08,75,12.906666666666666,0.68,10.75,0.0,65,19,74,34.625,1.375,2.125,31.5,0.05174035747883349,0.8329028925619835,0.0,0.3104693140794224,0.0,0.3412698412698413
US,Virginia,50420,1470,1609.0,65.0,2020-03-08,80,629.075,18.375,851.25,12.75,13,80,45,1024.625,28.625,20.0,685.75,0.029155097183657278,1.3531772841076182,0.6938775510204082,0.8307917530803952,0.44541484716157204,1.2413415967918338
US,Washington,23729,1159,625.0,34.0,2020-01-22,93,254.43010752688173,12.32258064516129,297.625,5.125,74,92,65,252.375,22.125,22.0,487.0,0.04884318766066838,1.1697711520581522,0.41590314136125656,1.1792966815255077,0.23163841807909605,0.6111396303901437
US,West Virginia,2138,84,118.0,6.0,2020-03-17,72,28.36111111111111,1.1666666666666667,21.125,1.375,11,21,62,45.375,2.25,15.5,33.375,0.03928905519176801,0.7448579823702253,1.1785714285714286,0.465564738292011,0.6111111111111112,0.6329588014981273
US,Wisconsin,20835,647,732.0,25.0,2020-03-09,82,253.20731707317074,7.890243902439025,326.0,7.375,10,77,19,477.625,11.5,56.333333333333336,349.75,0.0310535157187425,1.287482541058614,0.9346986089644512,0.6825438366919655,0.6413043478260869,0.9320943531093638
US,Wyoming,947,17,198.0,5.0,2020-03-12,69,12.347826086956522,0.2463768115942029,6.25,0.25,20,6,33,33.125,0.75,8.625,10.625,0.01795142555438226,0.5061619718309859,1.0147058823529411,0.18867924528301888,0.3333333333333333,0.5882352941176471
Uganda,-,616,0,84.0,0.0,2020-03-21,33,18.848484848484848,0.0,25.375,0.0,9,32,24,29.75,0.0,1.5,12.75,0.0,1.3462620578778135,0.0,0.8529411764705882,0.0,1.9901960784313726
Ukraine,-,27599,796,890.0,21.0,2020-03-03,75,366.6933333333333,10.573333333333334,549.375,12.5,7,63,46,447.0,13.625,105.5,425.75,0.028841624696546976,1.498186495527598,1.1822194199243379,1.229026845637584,0.9174311926605505,1.2903699354081033
United Arab Emirates,-,38808,276,994.0,13.0,2020-01-29,82,472.0731707317073,3.3658536585365852,614.0,1.75,17,79,27,851.0,9.875,13.75,616.375,0.007111935683364255,1.3006458279514337,0.519927536231884,0.7215041128084606,0.17721518987341772,0.9961468262015818
United Kingdom,-,286194,40542,8681.0,1172.0,2020-01-31,95,3017.2,426.7578947368421,1671.0,270.75,59,95,38,5005.0,899.25,30.0,4922.0,0.14165915427996395,0.5538247381678377,0.6344346603522273,0.33386613386613384,0.3010842368640534,0.339496139780577
United Kingdom,Bermuda,141,9,10.0,1.0,2020-03-19,44,0.9545454545454546,0.09090909090909091,0.125,0.0,44,7,13,10.0,0.25,1.0,1.75,0.06382978723404255,0.13095238095238096,0.0,0.0125,0.0,0.07142857142857142
United Kingdom,Cayman Islands,164,1,17.0,0.0,2020-03-13,20,3.5,0.0,2.875,0.0,20,6,7,17.0,0.0,2.125,2.625,0.006097560975609756,0.8214285714285714,0.0,0.16911764705882354,0.0,1.0952380952380953
United Kingdom,Channel Islands,563,46,47.0,5.0,2020-03-10,71,6.563380281690141,0.647887323943662,0.375,0.125,64,5,46,26.5,1.875,0.25,9.25,0.08170515097690942,0.057135193133047206,0.19293478260869565,0.014150943396226415,0.06666666666666667,0.04054054054054054
United Kingdom,Gibraltar,176,0,8.0,0.0,2020-03-04,64,1.234375,0.0,0.875,0.0,9,1,61,2.25,0.0,0.875,5.5,0.0,0.7088607594936709,0.0,0.3888888888888889,0.0,0.1590909090909091
United Kingdom,Isle of Man,336,24,32.0,6.0,2020-03-20,66,3.6515151515151514,0.3484848484848485,0.0,0.0,60,19,48,13.571428571428571,1.625,0.625,8.125,0.07142857142857142,0.0,0.0,0.0,0.0,0.0
Uruguay,-,845,23,36.0,2.0,2020-03-13,80,9.65,0.2875,3.0,0.125,73,6,44,22.5,0.375,4.875,11.0,0.027218934911242602,0.31088082901554404,0.4347826086956522,0.13333333333333333,0.3333333333333333,0.2727272727272727
Uzbekistan,-,4331,17,237.0,1.0,2020-03-15,72,58.93055555555556,0.2222222222222222,98.125,0.375,1,70,55,98.125,0.375,20.333333333333332,88.5,0.003925190487185408,1.665095451331605,1.6875,1.0,1.0,1.1087570621468927
Venezuela,-,2377,22,171.0,6.0,2020-03-14,74,30.89189189189189,0.3783783783783784,114.75,1.0,2,27,20,118.25,0.75,8.25,40.875,0.009255363904080775,3.7145669291338583,2.642857142857143,0.9704016913319239,1.3333333333333333,2.8073394495412844
Vietnam,-,331,0,24.0,0.0,2020-01-23,78,3.0384615384615383,0.0,0.375,0.0,25,2,78,5.125,0.0,0.125,19.0,0.0,0.12341772151898735,0.0,0.07317073170731707,0.0,0.019736842105263157
West Bank and Gaza,-,472,3,33.0,1.0,2020-03-05,71,5.267605633802817,0.028169014084507043,3.125,0.0,66,7,18,16.0,0.125,3.25,6.0,0.006355932203389831,0.5932486631016043,0.0,0.1953125,0.0,0.5208333333333334
Yemen,-,484,112,45.0,12.0,2020-04-10,24,16.625,4.166666666666667,21.75,4.375,6,1,20,20.75,5.5,21.75,16.4,0.23140495867768596,1.3082706766917294,1.0499999999999998,1.0481927710843373,0.7954545454545454,1.3262195121951221
Zambia,-,1089,7,208.0,3.0,2020-03-18,39,25.435897435897434,0.10256410256410256,4.0,0.0,25,34,12,63.5,0.5,6.833333333333333,35.625,0.006427915518824609,0.15725806451612903,0.0,0.06299212598425197,0.0,0.11228070175438597
Zimbabwe,-,282,4,76.0,0.0,2020-03-20,12,18.833333333333332,0.0,13.5,0.0,12,1,3,76.0,0.0,13.5,14.5,0.014184397163120567,0.7168141592920354,0.0,0.17763157894736842,0.0,0.9310344827586207
